InstrumentID,ExperimentID,InjectionID,Metric1,Metric2,Metric3,Metric4,Metric5,Metric6,Metric7,Metric8,Metric9,Metric10,Metric11,RUL,Label1,Label2
1,1,1,0.178802271,0.928626441,0.913956857,0.72098183,0.508608705,0.204782719,0.740064297,0.465782144,0.393862251,0.76137964,0.477930026,3,0,0
1,1,2,0.827417854,0.778855471,0.807762768,0.80452417,0.265006314,0.855254154,0.472491867,0.656584896,0.959338724,0.353031677,0.115182842,2,1,1
1,1,3,0.335764546,0.482941838,0.156679615,0.969160948,0.588832227,0.88201585,0.124445547,0.061166446,0.558942448,0.885486156,0.693277368,1,1,2
1,2,1,0.110509454,0.9047135,0.345553135,0.816471861,0.69399496,0.352511849,0.482511157,0.243288379,0.130905527,0.768963213,0.708174651,5,0,0
1,2,2,0.659498581,0.291182186,0.857562004,0.032362262,0.404551138,0.785100173,0.395492545,0.504341673,0.908187641,0.172012107,0.015263759,4,0,0
1,2,3,0.982475663,0.335760856,0.004742514,0.588220564,0.068075951,0.768386734,0.458353706,0.48260529,0.412380878,0.492524618,0.034699887,3,0,0
1,2,4,0.451647166,0.3434332,0.456831395,0.648765795,0.326491832,0.950842269,0.891937701,0.334924135,0.306803954,0.237863743,0.582060478,2,1,1
1,2,5,0.474995473,0.832646994,0.413912996,0.139538725,0.986138667,0.723038519,0.577842721,0.220598883,0.806423525,0.838035293,0.380519476,1,1,2
